City_ID,City,Country,Date,Lat,Lng,Max Temp,Humidity,Cloudiness,Wind Speed
0,Ushuaia,AR,2021-11-28 18:10:57,-54.8,-68.3,51.21,51,58,14.94
1,Camana,PE,2021-11-28 18:11:13,-16.6228,-72.7111,70.12,75,68,9.53
2,Tabou,CI,2021-11-28 18:11:14,4.423,-7.3528,80.2,79,55,5.37
3,Souillac,MU,2021-11-28 18:11:14,-20.5167,57.5167,77.38,78,20,4.61
4,Hermanus,ZA,2021-11-28 18:11:14,-34.4187,19.2345,64.6,83,47,10.16
5,Birobidzhan,RU,2021-11-28 18:11:15,48.8,132.95,20.17,96,100,3.78
6,Nanortalik,GL,2021-11-28 18:11:15,60.1432,-45.2371,41.99,91,100,14.94
7,Jiazi,CN,2021-11-28 18:11:15,22.8779,116.067,66.2,86,14,10.31
8,Kapaa,US,2021-11-28 18:11:15,22.0752,-159.319,71.92,78,20,5.75
9,Siniscola,IT,2021-11-28 18:11:16,40.5719,9.6922,45.95,60,27,17.83
10,Farafangana,MG,2021-11-28 18:11:16,-22.8167,47.8333,69.06,67,74,5.12
11,Vaini,TO,2021-11-28 18:11:17,-21.2,-175.2,77.16,78,20,9.22
12,Port Alfred,ZA,2021-11-28 18:06:49,-33.5906,26.891,66.49,80,27,3.56
13,Punta Arenas,CL,2021-11-28 18:11:17,-53.15,-70.9167,51.91,62,75,29.93
14,Kaeo,NZ,2021-11-28 18:11:17,-35.1,173.7833,59.65,88,98,1.57
15,Batagay-Alyta,RU,2021-11-28 18:11:18,67.8006,130.4114,-16.42,92,100,4.07
16,Jamestown,US,2021-11-28 18:11:18,42.097,-79.2353,36.72,86,90,11.5
17,Hithadhoo,MV,2021-11-28 18:11:18,-0.6,73.0833,81.79,74,78,15.99
18,Nhulunbuy,AU,2021-11-28 18:11:19,-12.2333,136.7667,77.61,83,42,0.0
19,Pangai,TO,2021-11-28 18:11:19,-19.8,-174.35,79.05,64,37,21.23
20,Codrington,AU,2021-11-28 18:07:49,-38.2667,141.9667,46.08,95,4,8.05
21,Kodinsk,RU,2021-11-28 18:11:20,58.6881,99.1844,20.26,94,100,7.52
22,Fort William,GB,2021-11-28 18:11:20,56.8165,-5.1121,29.62,92,33,2.15
23,Santa Maria,BR,2021-11-28 18:11:20,-29.6842,-53.8069,72.7,94,75,5.75
24,Chuy,UY,2021-11-28 18:11:20,-33.6971,-53.4616,69.03,93,100,5.35
25,Yairipok,IN,2021-11-28 18:11:21,24.6667,94.0667,53.8,89,17,1.99
26,Klaksvik,FO,2021-11-28 18:11:21,62.2266,-6.589,36.52,74,100,6.33
27,Albany,US,2021-11-28 18:06:53,42.6001,-73.9662,32.65,73,100,5.03
28,Tiksi,RU,2021-11-28 18:11:22,71.6872,128.8694,-11.83,98,100,6.42
29,Beloha,MG,2021-11-28 18:11:22,-25.1667,45.05,63.86,64,34,14.27
30,Shingu,JP,2021-11-28 18:11:22,33.7333,135.9833,43.45,69,23,5.73
31,Mehamn,NO,2021-11-28 18:09:35,71.0357,27.8492,12.38,79,39,18.41
32,Khatanga,RU,2021-11-28 18:11:23,71.9667,102.5,-9.74,97,99,9.53
33,Kaitangata,NZ,2021-11-28 18:11:23,-46.2817,169.8464,45.46,74,74,6.96
34,Prainha,BR,2021-11-28 18:11:23,-1.8,-53.48,89.74,45,100,5.75
35,Mataura,NZ,2021-11-28 18:11:24,-46.1927,168.8643,41.85,88,76,1.32
36,Atar,MR,2021-11-28 18:11:24,20.5169,-13.0499,75.25,35,0,18.41
37,Eureka,US,2021-11-28 18:11:24,40.8021,-124.1637,54.21,83,100,4.07
38,Changde,CN,2021-11-28 18:11:25,29.0464,111.6783,52.88,50,19,3.49
39,Kelamangalam,IN,2021-11-28 18:11:25,12.6,77.85,70.93,97,95,5.59
40,Hami,CN,2021-11-28 18:11:25,42.8,93.45,24.93,60,0,5.41
41,Rikitea,PF,2021-11-28 18:11:25,-23.1203,-134.9692,76.44,73,7,16.58
42,Vardo,NO,2021-11-28 18:11:26,70.3705,31.1107,15.78,86,40,13.8
43,Avarua,CK,2021-11-28 18:07:04,-21.2078,-159.775,75.25,73,16,1.14
44,Severo-Kurilsk,RU,2021-11-28 18:11:26,50.6789,156.125,33.26,73,96,17.2
45,Dikson,RU,2021-11-28 18:11:26,73.5069,80.5464,-14.94,100,100,11.05
46,Lompoc,US,2021-11-28 18:11:27,34.6391,-120.4579,70.52,20,1,3.44
47,Tokur,RU,2021-11-28 18:12:27,53.1333,132.9,8.26,97,100,1.97
48,Gizo,SB,2021-11-28 18:12:27,-8.103,156.8419,82.15,78,91,8.01
49,Mbandaka,CD,2021-11-28 18:12:28,0.0487,18.2603,76.42,81,97,3.89
50,Cidreira,BR,2021-11-28 18:12:28,-30.1811,-50.2056,75.2,79,100,8.93
51,Port Shepstone,ZA,2021-11-28 18:12:28,-30.7414,30.455,71.78,89,18,4.83
52,Suslovo,RU,2021-11-28 18:12:29,56.2167,88.1167,18.36,90,100,14.47
53,Pisco,PE,2021-11-28 18:12:29,-13.7,-76.2167,71.65,68,0,8.05
54,Pevek,RU,2021-11-28 18:12:29,69.7008,170.3133,-0.65,84,98,2.71
55,Barrow,US,2021-11-28 18:12:20,71.2906,-156.7887,-11.18,70,90,10.36
56,Bredasdorp,ZA,2021-11-28 18:12:30,-34.5322,20.0403,65.68,74,54,11.9
57,Kieta,PG,2021-11-28 18:10:35,-6.2167,155.6333,78.28,86,100,0.67
58,Rosetta,EG,2021-11-28 18:12:30,31.4044,30.4164,72.59,64,92,3.15
59,Kharp,RU,2021-11-28 18:12:30,66.8014,65.8081,-9.65,99,91,1.05
60,Cravo Norte,CO,2021-11-28 18:12:31,6.3017,-70.2041,91.56,48,31,10.13
61,Wageningen,NL,2021-11-28 18:12:31,51.9667,5.6667,37.6,100,90,1.14
62,Ust-Maya,RU,2021-11-28 18:12:31,60.4167,134.5333,-2.29,97,100,5.3
63,Kalmunai,LK,2021-11-28 18:12:32,7.4167,81.8167,78.75,85,99,4.43
64,Kigorobya,UG,2021-11-28 18:12:32,1.6162,31.3089,68.0,86,69,0.85
65,Uray,RU,2021-11-28 18:12:32,60.1247,64.7758,21.76,84,100,10.67
66,Coquimbo,CL,2021-11-28 18:12:33,-29.9533,-71.3436,65.93,68,0,16.11
67,Raymond,US,2021-11-28 18:12:33,43.9015,-70.4703,36.0,34,45,3.22
68,Venado Tuerto,AR,2021-11-28 18:12:33,-33.7456,-61.9688,76.51,39,56,18.84
69,Mayumba,GA,2021-11-28 18:12:34,-3.432,10.6554,78.12,88,94,9.33
70,Sarkand,KZ,2021-11-28 18:12:34,45.41,79.9186,29.61,58,0,7.67
71,Montecristo,CO,2021-11-28 18:12:34,8.2971,-74.4733,85.35,81,51,1.97
72,Bukama,CD,2021-11-28 18:12:34,-9.2,25.85,73.58,80,68,0.02
73,Tasiilaq,GL,2021-11-28 18:08:19,65.6145,-37.6368,26.76,98,98,1.9
74,Chokurdakh,RU,2021-11-28 18:12:35,70.6333,147.9167,-39.46,100,95,0.94
75,Berlevag,NO,2021-11-28 18:12:35,70.8578,29.0864,10.4,88,39,16.22
76,Namibe,AO,2021-11-28 18:08:57,-15.1961,12.1522,70.02,75,89,9.04
77,Grand Baie,MU,2021-11-28 18:12:36,-20.0182,57.5802,77.47,69,31,6.13
78,Hobart,AU,2021-11-28 18:12:36,-42.8794,147.3294,48.06,93,20,5.75
79,Los Llanos De Aridane,ES,2021-11-28 18:12:36,28.6585,-17.9182,62.35,72,75,17.27
80,Batagay,RU,2021-11-28 18:12:37,67.6333,134.6333,-14.01,100,100,1.21
81,Karratha,AU,2021-11-28 18:08:44,-20.7377,116.8463,81.88,63,3,5.3
82,Narsaq,GL,2021-11-28 18:12:37,60.9167,-46.05,35.82,98,100,5.64
83,Port Elizabeth,ZA,2021-11-28 18:12:37,-33.918,25.5701,66.49,72,0,25.32
84,Paita,PE,2021-11-28 18:12:38,-5.0892,-81.1144,77.56,69,28,14.7
85,Victoria,HK,2021-11-28 18:10:29,22.2855,114.1577,69.78,73,6,7.27
86,Cockburn Town,TC,2021-11-28 18:12:38,21.4612,-71.1419,80.56,65,40,10.36
87,Carnarvon,AU,2021-11-28 18:12:38,-24.8667,113.6333,77.07,61,2,17.27
88,Kodiak,US,2021-11-28 18:10:40,57.79,-152.4072,6.31,56,1,6.91
89,Toboso,PH,2021-11-28 18:12:39,10.7144,123.5162,78.78,84,86,2.8
90,Manakara,MG,2021-11-28 18:12:39,-22.1333,48.0167,69.76,70,99,3.8
91,Sisimiut,GL,2021-11-28 18:08:46,66.9395,-53.6735,30.13,86,100,8.88
92,Powell,US,2021-11-28 18:12:40,40.1578,-83.0752,40.84,65,75,18.41
93,Sao Filipe,CV,2021-11-28 18:12:40,14.8961,-24.4956,77.95,69,58,13.76
94,Florianopolis,BR,2021-11-28 18:13:40,-27.6146,-48.5012,76.23,69,40,13.8
95,Nabire,ID,2021-11-28 18:13:39,-3.3667,135.4833,76.62,91,100,3.76
96,Tarabuco,BO,2021-11-28 18:13:41,-19.1667,-64.9167,62.62,53,77,14.36
97,Pandamatenga,BW,2021-11-28 18:13:41,-18.5278,25.627,78.55,36,28,7.65
98,Siocon,PH,2021-11-28 18:13:41,7.7061,122.1353,78.51,87,85,5.17
99,Waingapu,ID,2021-11-28 18:13:42,-9.6567,120.2641,79.18,84,100,3.4
100,Tura,IN,2021-11-28 18:13:42,25.5198,90.2201,60.04,70,3,3.69
101,Esperance,AU,2021-11-28 18:13:42,-33.8667,121.9,68.29,58,100,11.92
102,Bethel,US,2021-11-28 18:13:43,41.3712,-73.414,35.96,69,90,0.0
103,Goderich,CA,2021-11-28 18:11:49,43.7501,-81.7165,34.68,89,100,16.24
104,Monte Alegre,BR,2021-11-28 18:13:43,-2.0078,-54.0692,92.52,41,63,5.93
105,Tefe,BR,2021-11-28 18:13:43,-3.3542,-64.7114,86.11,84,20,3.44
106,Ponta Do Sol,PT,2021-11-28 18:13:44,32.6667,-17.1,63.23,76,46,8.61
107,Georgetown,MY,2021-11-28 18:12:17,5.4112,100.3354,76.93,94,20,0.0
108,Atkinson,US,2021-11-28 18:13:44,42.8384,-71.147,36.84,44,90,5.75
109,Muyezerskiy,RU,2021-11-28 18:09:10,63.9333,31.65,6.24,98,97,4.29
110,Bengkulu,ID,2021-11-28 18:13:45,-3.8004,102.2655,76.53,86,94,4.79
111,Tual,ID,2021-11-28 18:11:22,-5.6667,132.75,83.14,71,91,1.34
112,Bluff,NZ,2021-11-28 18:13:45,-46.6,168.3333,52.43,74,77,18.1
113,Kisangani,CD,2021-11-28 18:13:45,0.5167,25.2,72.7,95,100,1.41
114,Havre-Saint-Pierre,CA,2021-11-28 18:13:46,50.2334,-63.5986,35.6,80,90,17.27
115,Karabash,RU,2021-11-28 18:13:46,55.4808,60.2157,22.84,77,100,4.05
116,Astana,KZ,2021-11-28 18:13:46,51.1801,71.446,-0.45,78,7,8.95
117,Itambacuri,BR,2021-11-28 18:13:47,-18.0311,-41.685,87.85,52,38,6.26
118,East London,ZA,2021-11-28 18:09:38,-33.0153,27.9116,70.2,79,25,2.93
119,Lebu,CL,2021-11-28 18:13:47,-37.6167,-73.65,57.7,62,1,18.92
120,Bubaque,GW,2021-11-28 18:13:47,11.2833,-15.8333,83.61,71,18,13.56
121,Acapulco,MX,2021-11-28 18:12:21,16.8634,-99.8901,87.62,58,40,8.05
122,Sur,OM,2021-11-28 18:13:48,22.5667,59.5289,75.16,55,0,2.01
123,Pitea,SE,2021-11-28 18:12:56,65.3172,21.4794,1.49,87,49,2.59
124,Saint-Pierre,RE,2021-11-28 18:13:48,-21.3393,55.4781,76.68,78,90,5.75
125,Thompson,CA,2021-11-28 18:12:42,55.7435,-97.8558,7.21,78,44,2.68
126,Saint-Philippe,RE,2021-11-28 18:13:48,-21.3585,55.7679,76.59,84,58,3.6
127,Dharchula,IN,2021-11-28 18:13:49,29.85,80.5333,51.4,34,0,6.85
128,Nago,JP,2021-11-28 18:13:49,26.5881,127.9761,71.67,67,100,19.04
129,Yellowknife,CA,2021-11-28 18:13:49,62.456,-114.3525,14.52,92,90,16.11
130,Mareeba,AU,2021-11-28 18:13:50,-17.0,145.4333,70.52,99,55,2.26
131,Viedma,AR,2021-11-28 18:10:24,-40.8135,-62.9967,76.15,23,0,11.48
132,Sao Paulo De Olivenca,BR,2021-11-28 18:13:50,-3.3783,-68.8725,85.91,71,100,1.68
133,Hilo,US,2021-11-28 18:13:51,19.7297,-155.09,71.33,78,1,4.61
134,Saskylakh,RU,2021-11-28 18:12:12,71.9167,114.0833,-13.74,98,100,5.39
135,Xichang,CN,2021-11-28 18:13:51,27.8964,102.2634,45.81,83,3,0.98
136,Norman Wells,CA,2021-11-28 18:13:51,65.282,-126.8329,-16.82,97,100,4.74
137,Hambantota,LK,2021-11-28 18:13:51,6.1241,81.1185,77.99,86,100,4.21
138,Flinders,AU,2021-11-28 18:13:52,-34.5833,150.8552,54.14,88,9,6.73
139,Mugur-Aksy,RU,2021-11-28 18:13:52,50.35,90.5,5.88,90,60,6.46
140,Moose Factory,CA,2021-11-28 18:14:52,51.2585,-80.6094,21.2,79,90,2.3
141,Luderitz,NA,2021-11-28 18:10:10,-26.6481,15.1594,63.84,76,2,11.39
142,Tautira,PF,2021-11-28 18:13:41,-17.7333,-149.15,82.42,79,81,19.33
143,Castro,BR,2021-11-28 18:14:53,-24.7911,-50.0119,83.17,37,73,8.16
144,Bardsir,IR,2021-11-28 18:14:53,29.9227,56.5743,46.45,40,90,3.56
145,Cabo San Lucas,MX,2021-11-28 18:14:42,22.8909,-109.9124,77.31,69,90,5.75
146,Jumla,NP,2021-11-28 18:14:54,29.2747,82.1838,39.94,64,1,4.83
147,Atuona,PF,2021-11-28 18:14:54,-9.8,-139.0333,78.22,73,2,19.35
148,Iqaluit,CA,2021-11-28 18:14:54,63.7506,-68.5145,24.53,63,90,10.36
149,Birao,CF,2021-11-28 18:14:55,10.2849,22.7882,80.47,22,23,6.35
150,Mahebourg,MU,2021-11-28 18:14:55,-20.4081,57.7,77.29,78,20,4.61
151,Dolores,AR,2021-11-28 18:14:55,-36.3132,-57.6792,76.19,51,100,12.71
152,Airai,TL,2021-11-28 18:14:56,-8.9266,125.4092,61.12,91,98,0.58
153,Fare,PF,2021-11-28 18:14:56,-16.7,-151.0167,80.78,76,73,12.48
154,Orje,NO,2021-11-28 18:14:56,59.4802,11.6602,23.74,73,100,8.39
155,Kaduqli,SD,2021-11-28 18:14:56,11.0167,29.7167,85.1,26,0,6.4
156,Vao,NC,2021-11-28 18:14:57,-22.6667,167.4833,75.51,89,69,21.34
157,Shalya,RU,2021-11-28 18:14:57,57.2471,58.7298,24.75,86,97,11.12
158,Puerto Ayora,EC,2021-11-28 18:14:57,-0.7393,-90.3518,76.96,80,96,9.78
159,Kijang,KR,2021-11-28 18:14:58,35.2442,129.2139,38.93,41,100,5.5
160,Fortuna,US,2021-11-28 18:14:58,40.5982,-124.1573,52.14,79,100,3.67
161,Djibo,BF,2021-11-28 18:14:58,14.1022,-1.6306,88.07,11,74,8.75
162,Kropotkin,RU,2021-11-28 18:14:59,45.4375,40.5756,53.87,68,100,6.24
163,Saint George,US,2021-11-28 18:14:59,37.1041,-113.5841,66.67,29,1,0.0
164,Nambucca Heads,AU,2021-11-28 18:14:59,-30.65,153.0,62.6,89,88,5.46
165,Saint Anthony,US,2021-11-28 18:14:59,45.0205,-93.218,37.33,41,1,9.22
166,Kralendijk,BQ,2021-11-28 18:15:00,12.15,-68.2667,87.78,62,75,13.8
167,Purificacion,CO,2021-11-28 18:15:00,3.8587,-74.9313,85.77,64,45,0.67
168,Inhambane,MZ,2021-11-28 18:15:00,-23.865,35.3833,73.38,68,20,5.75
169,Buala,SB,2021-11-28 18:15:01,-8.145,159.5921,79.99,82,86,5.37
170,Seddon,AU,2021-11-28 18:15:01,-37.8068,144.8916,52.47,93,0,6.91
171,Port Pirie,AU,2021-11-28 18:15:01,-33.1833,138.0167,59.09,46,0,2.98
172,Lata,PT,2021-11-28 18:15:02,40.1629,-8.3327,54.01,95,92,5.59
173,Taltal,CL,2021-11-28 18:15:02,-25.4,-70.4833,67.05,64,9,6.58
174,Busselton,AU,2021-11-28 18:15:03,-33.65,115.3333,59.29,91,77,8.14
175,Korla,CN,2021-11-28 18:15:03,41.7597,86.1469,24.64,44,0,3.31
176,Laguna,US,2021-11-28 18:15:03,38.421,-121.4238,66.7,74,1,5.75
177,Tuktoyaktuk,CA,2021-11-28 18:15:04,69.4541,-133.0374,-7.6,71,90,18.41
178,Yanam,IN,2021-11-28 18:15:04,16.7333,82.2167,75.34,83,100,6.42
179,Pushkino,RU,2021-11-28 18:15:04,56.0172,37.8667,37.49,96,100,4.43
180,Grindavik,IS,2021-11-28 18:15:05,63.8424,-22.4338,43.27,100,90,14.97
181,Steinheim,DE,2021-11-28 18:15:05,51.8707,9.0914,36.46,98,100,3.56
182,Chipinge,ZW,2021-11-28 18:15:05,-20.1883,32.6236,64.56,65,5,5.21
183,Kabanjahe,ID,2021-11-28 18:15:06,3.1001,98.4908,63.36,96,100,3.51
184,Mount Isa,AU,2021-11-28 18:15:06,-20.7333,139.5,76.77,31,2,10.36
185,The Valley,AI,2021-11-28 18:15:06,18.217,-63.0578,87.66,70,20,11.5
186,Hay River,CA,2021-11-28 18:16:07,60.8156,-115.7999,12.18,85,90,5.75
187,Obo,CF,2021-11-28 18:16:07,5.3998,26.4869,78.64,46,100,3.22
188,Hofn,IS,2021-11-28 18:16:07,64.2539,-15.2082,31.08,96,100,6.46
189,Port Lincoln,AU,2021-11-28 18:15:19,-34.7333,135.8667,58.98,77,0,7.25
190,Uppsala,SE,2021-11-28 18:16:08,60.0,17.75,17.04,93,71,0.0
191,Honningsvag,NO,2021-11-28 18:16:08,70.9821,25.9704,11.95,79,75,18.41
192,Nizwa,OM,2021-11-28 18:16:08,22.9333,57.5333,71.47,37,0,9.55
193,Heide,DE,2021-11-28 18:16:08,54.2,9.1,32.09,91,82,3.58
194,Viking,CA,2021-11-28 18:16:09,53.1001,-111.7684,35.46,85,100,1.63
195,Guerrero Negro,MX,2021-11-28 18:13:56,27.9769,-114.0611,74.3,38,0,3.85
196,Clarksville,US,2021-11-28 18:14:04,36.5298,-87.3595,53.13,49,1,9.22
197,Sawai Madhopur,IN,2021-11-28 18:16:09,25.9833,76.3667,65.62,46,3,4.03
198,Maryville,US,2021-11-28 18:15:51,35.7565,-83.9705,57.45,38,40,6.91
199,Broome,US,2021-11-28 18:16:10,42.2506,-75.833,30.97,100,90,4.61
200,Ribeira Grande,PT,2021-11-28 18:16:10,38.5167,-28.7,64.8,59,20,4.61
201,Cape Town,ZA,2021-11-28 18:12:22,-33.9258,18.4232,68.41,73,40,4.61
202,Santa Cruz,BO,2021-11-28 18:14:40,-17.8,-63.1667,87.26,58,75,25.32
203,Nelson Bay,AU,2021-11-28 18:16:11,-32.7167,152.15,60.85,76,95,6.46
204,La Romana,DO,2021-11-28 18:16:11,18.4273,-68.9728,89.96,58,40,13.8
205,Madisonville,US,2021-11-28 18:16:11,37.3281,-87.4989,48.81,45,86,10.71
206,Teya,RU,2021-11-28 18:16:11,60.3778,92.6267,24.35,87,100,10.89
207,Honiara,SB,2021-11-28 18:15:15,-9.4333,159.95,78.13,85,77,1.5
208,Curvelo,BR,2021-11-28 18:16:12,-18.7564,-44.4308,82.56,57,30,9.64
209,Sucua,EC,2021-11-28 18:16:12,-2.4667,-78.1667,88.54,45,20,5.75
210,Tessalit,ML,2021-11-28 18:16:12,20.1986,1.0114,81.5,20,100,10.54
211,Buedu,SL,2021-11-28 18:16:13,8.2803,-10.3719,79.66,67,65,1.45
212,Solaro,IT,2021-11-28 18:16:13,44.8799,9.1732,41.13,72,61,4.7
213,Provideniya,RU,2021-11-28 18:16:13,64.3833,-173.3,-5.51,77,3,4.94
214,Yagodnoye,RU,2021-11-28 18:16:14,62.55,149.6667,-12.95,95,100,2.48
215,Santiago Del Estero,AR,2021-11-28 18:12:49,-27.7951,-64.2615,89.58,19,40,16.84
216,Mar Del Plata,AR,2021-11-28 18:15:40,-38.0023,-57.5575,66.22,88,90,11.5
217,Riyadh,SA,2021-11-28 18:16:14,24.6877,46.7219,66.34,30,0,8.79
218,Katsuura,JP,2021-11-28 18:16:14,35.1333,140.3,48.31,56,1,4.34
219,Jackson,US,2021-11-28 18:13:28,42.4165,-122.8345,61.84,100,90,0.0
220,Ancud,CL,2021-11-28 18:16:15,-41.8697,-73.8203,60.33,63,82,10.09
221,Sweetwater,US,2021-11-28 18:16:15,25.7634,-80.3731,77.02,50,75,0.0
222,Faanui,PF,2021-11-28 18:15:50,-16.4833,-151.75,81.34,72,81,10.49
223,Fairbanks,US,2021-11-28 18:16:16,64.8378,-147.7164,-23.8,72,20,0.0
224,Port Hedland,AU,2021-11-28 18:15:15,-20.3167,118.5667,75.25,73,56,0.0
225,Dagana,MR,2021-11-28 18:16:16,16.5165,-15.5068,86.18,18,61,16.26
226,Sosnogorsk,RU,2021-11-28 18:16:16,63.6023,53.8817,26.62,96,100,6.64
227,Namwala,ZM,2021-11-28 18:16:17,-15.7504,26.4384,77.76,38,23,5.91
228,Seoul,KR,2021-11-28 18:12:09,37.5683,126.9778,38.64,30,100,1.52
229,Longyearbyen,SJ,2021-11-28 18:16:17,78.2186,15.6401,10.24,56,75,23.02
230,Totness,SR,2021-11-28 18:16:17,5.8833,-56.3167,83.98,64,41,11.18
231,Tambopata,PE,2021-11-28 18:16:18,-12.7333,-69.1833,78.69,89,75,5.75
232,Oistins,BB,2021-11-28 18:11:45,13.0667,-59.5333,86.09,66,40,16.11
233,Aswan,EG,2021-11-28 18:17:18,24.0934,32.907,79.23,24,0,9.89
234,Nishihara,JP,2021-11-28 18:17:19,26.1842,127.7558,70.88,60,75,13.8
235,Alofi,NU,2021-11-28 18:15:15,-19.0595,-169.9187,76.89,65,91,11.5
236,Vermilion,US,2021-11-28 18:17:19,40.1667,-87.7506,41.25,60,1,18.41
237,Morro Bay,US,2021-11-28 18:17:19,35.3658,-120.8499,64.96,33,0,1.39
238,Matara,LK,2021-11-28 18:17:20,5.9485,80.5353,75.79,92,98,3.51
239,Huarmey,PE,2021-11-28 18:17:20,-10.0681,-78.1522,72.34,75,69,10.89
240,Miquelon,PM,2021-11-28 18:17:20,47.0975,-56.3814,44.6,75,66,22.5
241,Zhigansk,RU,2021-11-28 18:17:20,66.7697,123.3711,-11.18,99,99,4.76
242,Dalby,AU,2021-11-28 18:17:21,-27.1833,151.2667,63.66,87,13,11.56
243,Beroroha,MG,2021-11-28 18:17:21,-21.6667,45.1667,79.88,42,0,2.62
244,Khanino,RU,2021-11-28 18:17:21,54.211,36.6229,33.91,92,93,5.66
245,Salinopolis,BR,2021-11-28 18:17:22,-0.6136,-47.3561,85.46,66,20,10.6
246,Aquiraz,BR,2021-11-28 18:17:22,-3.9014,-38.3911,87.89,63,36,13.29
247,Richards Bay,ZA,2021-11-28 18:17:23,-28.783,32.0377,73.24,75,19,16.24
248,Goya,AR,2021-11-28 18:17:23,-29.14,-59.2626,79.16,65,67,14.07
249,Makakilo City,US,2021-11-28 18:15:35,21.3469,-158.0858,71.92,80,1,4.61
250,Olafsvik,IS,2021-11-28 18:17:23,64.8945,-23.7142,42.76,96,100,6.42
251,Qaanaaq,GL,2021-11-28 18:15:14,77.484,-69.3632,-8.23,83,51,7.27
252,Comodoro Rivadavia,AR,2021-11-28 18:17:24,-45.8667,-67.5,78.66,21,0,28.77
253,Rodrigues Alves,BR,2021-11-28 18:17:24,-7.738,-72.6509,93.4,44,99,4.5
254,Henties Bay,NA,2021-11-28 18:17:24,-22.116,14.2845,61.54,87,3,9.33
255,Aksu,CN,2021-11-28 18:17:25,41.1231,80.2644,28.09,57,7,3.24
256,Okitipupa,NG,2021-11-28 18:17:25,6.5047,4.7839,79.03,85,93,4.29
257,Caraballeda,VE,2021-11-28 18:17:25,10.6112,-66.8522,77.07,100,20,5.75
258,Leningradskiy,RU,2021-11-28 18:17:26,69.3833,178.4167,-21.23,94,62,10.83
259,New Norfolk,AU,2021-11-28 18:17:26,-42.7826,147.0587,47.7,98,19,2.62
260,Kavieng,PG,2021-11-28 18:17:26,-2.5744,150.7967,80.98,80,70,9.08
261,Bambous Virieux,MU,2021-11-28 18:17:27,-20.3428,57.7575,77.25,78,20,4.61
262,Belmonte,BR,2021-11-28 18:17:27,-15.8631,-38.8828,82.9,83,78,14.76
263,Sambava,MG,2021-11-28 18:17:27,-14.2667,50.1667,76.95,86,56,7.87
264,Cuauhtemoc,MX,2021-11-28 18:17:27,28.4167,-106.8667,52.29,51,80,8.72
265,Alice Springs,AU,2021-11-28 18:16:29,-23.7,133.8833,56.75,77,0,0.0
266,Brazzaville,CG,2021-11-28 18:15:42,-4.2658,15.2832,76.46,88,82,1.23
267,Keetmanshoop,NA,2021-11-28 18:17:28,-26.5833,18.1333,81.52,12,0,9.35
268,Dingle,PH,2021-11-28 18:17:28,10.9995,122.6711,75.72,93,100,7.47
269,Pangnirtung,CA,2021-11-28 18:17:29,66.1451,-65.7125,26.6,59,90,16.11
270,Lavrentiya,RU,2021-11-28 18:17:29,65.5833,-171.0,-12.5,91,3,5.03
271,Namatanai,PG,2021-11-28 18:17:29,-3.6667,152.4333,78.93,83,88,5.59
272,Kermanshah,IR,2021-11-28 18:14:08,34.3142,47.065,54.5,41,75,2.3
273,Xai-Xai,MZ,2021-11-28 18:17:30,-25.0519,33.6442,74.59,58,18,15.99
274,Butaritari,KI,2021-11-28 18:17:30,3.0707,172.7902,81.07,79,75,13.04
275,Lima,PE,2021-11-28 18:14:32,-12.0432,-77.0282,66.45,73,75,6.91
276,Wewak,PG,2021-11-28 18:17:30,-3.5534,143.6268,79.11,84,90,1.01
277,Thai Binh,VN,2021-11-28 18:18:31,20.45,106.3333,69.8,66,47,4.54
278,Mutsu,JP,2021-11-28 18:18:31,41.2894,141.2169,44.53,69,6,13.62
279,Soyo,AO,2021-11-28 18:18:31,-6.1349,12.3689,79.34,85,72,8.97
280,Olmos,PE,2021-11-28 18:18:32,-5.9847,-79.7453,86.7,41,70,7.38
281,Belyy Yar,RU,2021-11-28 18:18:32,53.6039,91.3903,26.49,50,0,13.42
282,Bathsheba,BB,2021-11-28 18:17:40,13.2167,-59.5167,86.61,66,40,16.11
283,Puerto Madryn,AR,2021-11-28 18:18:33,-42.7692,-65.0385,75.54,25,43,10.04
284,Walvis Bay,NA,2021-11-28 18:18:33,-22.9575,14.5053,65.35,77,3,10.36
285,Ngunguru,NZ,2021-11-28 18:18:33,-35.6167,174.5,60.64,82,96,3.42
286,Gallup,US,2021-11-28 18:15:31,35.5281,-108.7426,52.56,42,1,0.0
287,Concepcion Del Uruguay,AR,2021-11-28 18:18:34,-32.4825,-58.2372,68.13,87,98,18.63
288,Tutoia,BR,2021-11-28 18:18:34,-2.7619,-42.2744,89.58,67,42,13.24
289,Husavik,IS,2021-11-28 18:18:34,66.0449,-17.3389,26.51,93,100,7.09
290,San Pedro,PH,2021-11-28 18:18:35,14.35,121.0167,78.03,89,20,1.14
291,Saint-Augustin,CA,2021-11-28 18:18:35,51.226,-58.6502,35.44,82,100,25.01
292,Prieska,ZA,2021-11-28 18:18:35,-29.6641,22.7474,75.63,26,6,8.34
293,Whitehorse,CA,2021-11-28 18:18:36,60.7161,-135.0538,-3.23,84,75,5.75
294,Srednekolymsk,RU,2021-11-28 18:18:36,67.45,153.6833,-33.03,98,100,7.34
295,Churapcha,RU,2021-11-28 18:18:36,62.0025,132.4325,-6.02,98,100,5.66
296,Berbera,SO,2021-11-28 18:18:36,10.4396,45.0143,82.58,54,2,4.68
297,Sao Joaquim,BR,2021-11-28 18:18:37,-28.2939,-49.9317,74.26,51,99,5.59
298,Zavetnoye,RU,2021-11-28 18:18:37,47.1194,43.8903,45.07,83,91,9.1
299,Port-Gentil,GA,2021-11-28 18:18:37,-0.7193,8.7815,80.71,78,40,9.31
300,Ulenurme,EE,2021-11-28 18:18:38,58.3162,26.7252,26.76,93,75,4.61
301,Remedios,CU,2021-11-28 18:18:38,22.4947,-79.5458,81.52,70,30,9.24
302,Sao Jose Da Coroa Grande,BR,2021-11-28 18:18:38,-8.8978,-35.1478,84.06,67,49,12.28
303,Svetlaya,RU,2021-11-28 18:18:39,46.5389,138.3297,32.99,67,99,7.61
304,Lesnoy,RU,2021-11-28 18:18:39,57.6198,63.0784,24.51,71,99,10.0
305,Matamoros,MX,2021-11-28 18:18:39,25.5333,-103.25,68.11,34,75,10.36
306,Brigantine,US,2021-11-28 18:18:39,39.4101,-74.3646,55.6,35,20,10.36
307,Lucapa,AO,2021-11-28 18:18:40,-8.4192,20.7447,66.45,96,38,2.17
308,Ambon,ID,2021-11-28 18:18:40,-3.6954,128.1814,81.68,72,99,3.33
309,Nome,US,2021-11-28 18:18:40,64.5011,-165.4064,-18.33,69,1,6.91
310,Great Yarmouth,GB,2021-11-28 18:18:41,52.6083,1.7305,37.65,63,65,19.19
311,Lorengau,PG,2021-11-28 18:16:13,-2.0226,147.2712,80.1,80,81,2.08
312,Conde,BR,2021-11-28 18:18:41,-7.2597,-34.9075,85.46,66,40,11.5
313,Bonavista,CA,2021-11-28 18:18:41,48.6499,-53.1147,42.8,76,7,22.26
314,Banihal,IN,2021-11-28 18:18:42,33.4167,75.2,43.34,50,19,2.33
315,Yulara,AU,2021-11-28 18:18:42,-25.2406,130.9889,64.24,36,0,8.05
316,Buin,CL,2021-11-28 18:18:42,-33.7333,-70.75,82.72,11,0,6.2
317,Ulaanbaatar,MN,2021-11-28 18:18:43,47.9077,106.8832,-3.87,84,0,0.0
318,Barletta,IT,2021-11-28 18:18:43,41.3118,16.2908,55.67,69,91,18.88
319,Cherskiy,RU,2021-11-28 18:18:43,68.75,161.3,-5.48,99,100,5.1
320,Tezu,IN,2021-11-28 18:18:44,27.9167,96.1667,61.74,49,2,4.43
321,Northam,GB,2021-11-28 18:19:44,51.0333,-4.2167,40.62,79,94,16.62
322,Pacific Grove,US,2021-11-28 18:16:59,36.6177,-121.9166,66.31,45,1,3.44
323,Maine-Soroa,NE,2021-11-28 18:19:45,13.2114,12.0241,78.76,14,48,8.72
324,Upernavik,GL,2021-11-28 18:19:45,72.7868,-56.1549,-7.76,73,4,10.09
325,Mersing,MY,2021-11-28 18:19:45,2.4312,103.8405,75.11,94,100,6.91
326,Avera,US,2021-11-28 18:18:13,33.194,-82.5271,61.48,26,98,11.7
327,Canton,CN,2021-11-28 18:15:59,23.1167,113.25,66.15,50,2,7.47
328,Touros,BR,2021-11-28 18:19:46,-5.1989,-35.4608,88.7,64,36,12.88
329,Leh,IN,2021-11-28 18:19:46,34.1667,77.5833,16.09,63,38,2.66
330,Axim,GH,2021-11-28 18:19:47,4.8699,-2.2405,80.33,80,68,5.79
331,Omboue,GA,2021-11-28 18:19:47,-1.5746,9.2618,76.73,88,73,6.58
332,Nouakchott,MR,2021-11-28 18:19:16,18.0858,-15.9785,80.53,32,46,16.46
333,Pavlodar,KZ,2021-11-28 18:19:47,52.3,76.95,4.8,85,0,6.71
334,Jalu,LY,2021-11-28 18:19:48,29.0331,21.5482,78.48,20,100,11.65
335,Tyazhinskiy,RU,2021-11-28 18:19:48,56.116,88.524,18.7,91,100,15.82
336,Guayaramerin,BO,2021-11-28 18:19:48,-10.8368,-65.3614,77.05,94,75,5.75
337,Arrifes,PT,2021-11-28 18:19:49,37.7667,-25.7,59.25,67,75,9.22
338,Manga,BF,2021-11-28 18:19:49,11.6636,-1.0731,85.8,12,82,6.08
339,Rocha,UY,2021-11-28 18:15:26,-34.4833,-54.3333,67.77,92,100,8.14
340,Praia,CV,2021-11-28 18:19:49,14.9215,-23.5087,79.34,61,40,25.32
341,Naze,JP,2021-11-28 18:19:50,28.3667,129.4833,63.9,62,98,16.22
342,Maragogi,BR,2021-11-28 18:19:50,-9.0122,-35.2225,84.04,67,59,13.33
343,Millington,US,2021-11-28 18:19:50,35.3415,-89.8973,59.13,50,1,8.05
344,Komsomolskiy,UZ,2021-11-28 18:19:51,40.4272,71.7189,34.52,86,82,4.61
345,Saint Pete Beach,US,2021-11-28 18:19:51,27.7253,-82.7412,69.85,35,1,3.44
346,Dossor,KZ,2021-11-28 18:19:51,47.5272,52.9811,31.55,70,82,8.21
347,Nisia Floresta,BR,2021-11-28 18:19:52,-6.0911,-35.2086,88.61,56,71,12.01
348,Meulaboh,ID,2021-11-28 18:19:52,4.1363,96.1285,74.91,91,100,3.4
349,Sao Joao Evangelista,BR,2021-11-28 18:19:52,-18.5478,-42.7633,82.24,61,30,3.62
350,Parainen,FI,2021-11-28 18:19:53,60.3067,22.301,18.05,71,95,13.91
351,Anadyr,RU,2021-11-28 18:19:53,64.75,177.4833,1.9,85,90,4.47
352,Desbiens,CA,2021-11-28 18:19:53,48.4178,-71.9495,21.85,72,97,12.95
353,Surt,LY,2021-11-28 18:19:53,31.2089,16.5887,83.39,26,100,21.23
354,Sao Joao Da Barra,BR,2021-11-28 18:15:42,-21.6403,-41.0511,82.49,79,49,9.71
355,Yauya,PE,2021-11-28 18:19:54,-8.9833,-77.3,59.4,55,100,3.0
356,Arraial Do Cabo,BR,2021-11-28 18:17:44,-22.9661,-42.0278,80.56,69,40,10.36
357,Chastyye,RU,2021-11-28 18:19:54,57.2888,54.9728,29.75,94,100,13.29
358,Correntina,BR,2021-11-28 18:19:55,-13.3433,-44.6367,81.79,61,54,5.21
359,Hlotse,LS,2021-11-28 18:19:55,-28.8718,28.045,57.06,85,48,3.42
360,Urumqi,CN,2021-11-28 18:15:01,43.801,87.6005,9.55,85,0,2.24
361,Vila Velha,BR,2021-11-28 18:18:25,-20.3297,-40.2925,82.35,74,40,8.05
362,Sao Miguel Do Tapuio,BR,2021-11-28 18:19:55,-5.5036,-41.3233,93.36,33,75,5.55
363,Daokou,CN,2021-11-28 18:16:08,35.5639,114.5058,45.43,86,7,4.32
364,Irati,BR,2021-11-28 18:19:56,-25.4672,-50.6511,88.09,27,80,4.94
365,Talcahuano,CL,2021-11-28 18:20:56,-36.7167,-73.1167,65.88,52,0,21.85
366,Nova Gradiska,HR,2021-11-28 18:20:56,45.255,17.3831,40.89,96,100,4.25
367,Geraldton,AU,2021-11-28 18:20:57,-28.7667,114.6,68.41,88,90,12.66
368,Coihaique,CL,2021-11-28 18:20:57,-45.5752,-72.0662,59.61,63,75,6.91
369,Kupang,ID,2021-11-28 18:20:58,-10.1667,123.5833,79.92,83,100,5.3
370,Ugoofaaru,MV,2021-11-28 18:20:58,5.6667,73.0,80.65,78,100,10.76
371,Port Lavaca,US,2021-11-28 18:20:58,28.615,-96.6261,57.52,88,90,8.05
372,Lady Frere,ZA,2021-11-28 18:20:58,-31.7031,27.2329,66.47,46,47,3.69
373,Mamallapuram,IN,2021-11-28 18:20:59,12.6264,80.1722,75.25,90,100,12.64
374,Camocim,BR,2021-11-28 18:20:59,-2.9022,-40.8411,87.94,60,79,19.39
375,Ambulu,ID,2021-11-28 18:20:59,-8.345,113.6058,73.38,93,100,3.11
376,Mount Gambier,AU,2021-11-28 18:21:00,-37.8333,140.7667,46.31,100,2,5.75
377,Ilulissat,GL,2021-11-28 18:20:44,69.2167,-51.1,15.82,53,99,2.3
378,Tilichiki,RU,2021-11-28 18:18:22,60.4667,166.1,22.75,91,100,10.33
379,Vengurla,IN,2021-11-28 18:21:00,15.8667,73.6333,77.76,71,94,6.78
380,Inuvik,CA,2021-11-28 18:21:01,68.3499,-133.7218,-13.94,76,20,9.22
381,Loding,NO,2021-11-28 18:21:01,67.3,14.75,26.51,93,90,12.66
382,Arman,RU,2021-11-28 18:21:01,59.7,150.1667,12.81,94,100,6.69
383,Kavaratti,IN,2021-11-28 18:21:02,10.5669,72.642,81.97,74,93,7.49
384,Levelland,US,2021-11-28 18:21:02,33.5873,-102.378,52.65,30,0,4.61
385,Tonj,SS,2021-11-28 18:21:03,7.2737,28.6822,87.31,32,45,2.89
386,Talnakh,RU,2021-11-28 18:21:03,69.4865,88.3972,-14.87,97,83,2.13
387,Calatayud,ES,2021-11-28 18:21:03,41.3535,-1.6432,52.38,84,98,25.88
388,Chongwe,ZM,2021-11-28 18:21:03,-15.3292,28.682,71.73,48,65,6.26
389,Tartagal,AR,2021-11-28 18:21:04,-22.5164,-63.8013,68.58,81,100,8.39
390,Woodstock,CA,2021-11-28 18:17:36,43.1334,-80.7497,29.95,90,100,12.24
391,Wagar,SD,2021-11-28 18:21:04,16.1525,36.2032,81.54,60,3,19.75
392,Pangody,RU,2021-11-28 18:21:04,65.85,74.4859,-23.73,100,93,4.7
393,Vila Franca Do Campo,PT,2021-11-28 18:21:05,37.7167,-25.4333,61.21,68,83,4.76
394,Portland,US,2021-11-28 18:21:05,45.5234,-122.6762,60.78,82,75,6.91
395,Koutiala,ML,2021-11-28 18:21:06,12.3917,-5.4642,89.76,12,66,6.73
396,Hwange,ZW,2021-11-28 18:19:09,-18.3693,26.5019,79.36,41,17,4.9
397,Nuuk,GL,2021-11-28 18:21:06,64.1835,-51.7216,36.21,100,90,21.85
398,Luau,AO,2021-11-28 18:21:06,-10.7073,22.2247,65.17,94,47,1.81
399,Azanka,RU,2021-11-28 18:21:07,58.0401,64.7893,23.61,78,84,8.39
400,Nikolskoye,RU,2021-11-28 18:20:24,59.7035,30.7861,24.69,93,94,4.76
401,Davila,PH,2021-11-28 18:21:07,18.4726,120.5763,76.98,77,94,5.77
402,Takaka,NZ,2021-11-28 18:21:07,-40.85,172.8,60.98,93,82,1.77
403,Torbay,CA,2021-11-28 18:21:08,47.6666,-52.7314,48.97,71,40,11.5
404,Arandis,NA,2021-11-28 18:21:08,-22.4167,14.9667,64.69,51,0,7.81
405,Bac Lieu,VN,2021-11-28 18:19:07,9.285,105.7244,75.31,97,100,10.27
406,Roald,NO,2021-11-28 18:21:08,62.5833,6.1333,26.74,68,0,10.36
407,Nenjiang,CN,2021-11-28 18:18:12,49.1833,125.2167,15.51,91,100,7.34
408,Mpika,ZM,2021-11-28 18:19:08,-11.8343,31.4529,66.4,68,68,3.09
409,Yasothon,TH,2021-11-28 18:22:09,15.75,104.1333,68.65,71,50,14.16
410,Debre Zeyit,ET,2021-11-28 18:22:09,8.75,38.9833,62.06,47,3,9.78
411,Astoria,US,2021-11-28 18:22:09,46.1879,-123.8313,57.09,82,90,20.71
412,Bridlington,GB,2021-11-28 18:21:32,54.0831,-0.1919,33.98,77,80,17.11
413,Xixiang,CN,2021-11-28 18:22:10,35.1628,112.865,46.98,66,14,4.18
414,Karakol,KG,2021-11-28 18:22:10,42.4907,78.3936,16.5,57,2,6.89
415,Labrea,BR,2021-11-28 18:22:11,-7.2586,-64.7981,81.3,87,100,1.1
416,Khorramshahr,IR,2021-11-28 18:22:11,30.4397,48.1664,60.76,55,0,4.61
417,Yeppoon,AU,2021-11-28 18:22:11,-23.1333,150.7333,74.98,86,19,9.48
418,Faya,SA,2021-11-28 18:22:12,18.3851,42.4509,64.51,36,0,7.65
419,Alta Floresta,BR,2021-11-28 18:22:12,-9.8756,-56.0861,89.42,62,40,9.22
420,Adilcevaz,TR,2021-11-28 18:22:12,38.8039,42.7342,46.11,86,99,6.35
421,Mocuba,MZ,2021-11-28 18:22:13,-16.8392,36.9856,71.24,71,2,6.87
422,Kedrovyy,RU,2021-11-28 18:22:13,56.1667,91.8167,21.61,93,100,13.13
423,Bahir Dar,ET,2021-11-28 18:22:13,11.5936,37.3908,69.21,43,59,4.72
424,Iwanai,JP,2021-11-28 18:22:14,42.9744,140.5089,33.8,87,29,5.28
425,Hasaki,JP,2021-11-28 18:22:14,35.7333,140.8333,37.8,51,2,6.29
426,Rio Gallegos,AR,2021-11-28 18:22:14,-51.6226,-69.2181,71.65,9,75,39.12
427,Vyazemskiy,RU,2021-11-28 18:22:15,47.5378,134.7525,26.73,91,100,3.13
428,Lagoa,PT,2021-11-28 18:21:52,39.05,-27.9833,60.42,56,85,2.46
429,Tibu,CO,2021-11-28 18:22:15,8.639,-72.7358,88.75,56,60,3.44
430,Truro,GB,2021-11-28 18:22:15,50.2653,-5.0544,45.68,93,75,14.97
431,Saldanha,ZA,2021-11-28 18:22:16,-33.0117,17.9442,66.25,84,31,5.53
432,Kilindoni,TZ,2021-11-28 18:22:16,-7.9139,39.6668,81.48,78,99,16.53
433,Taguatinga,BR,2021-11-28 18:22:16,-12.3857,-46.5711,89.64,45,30,8.59
434,Seguin,US,2021-11-28 18:20:04,29.5688,-97.9647,69.94,63,40,10.36
435,Salihorsk,BY,2021-11-28 18:22:17,52.7876,27.5415,36.72,96,100,9.71
436,Jatiroto,ID,2021-11-28 18:22:17,-7.8833,111.1167,73.63,91,100,2.28
437,Arecibo,PR,2021-11-28 18:22:17,18.4724,-66.7157,84.92,71,75,13.06
438,Dryden,CA,2021-11-28 18:20:18,49.7833,-92.7503,23.29,80,90,4.61
439,Birnin Kebbi,NG,2021-11-28 18:22:18,12.4539,4.1975,84.97,13,90,8.88
440,Lola,GN,2021-11-28 18:22:18,7.8,-8.5333,80.64,51,30,1.61
441,Crawfordsville,US,2021-11-28 18:22:18,40.0411,-86.8745,42.94,48,1,19.57
442,Spitsevka,RU,2021-11-28 18:22:19,45.1231,42.5125,50.41,68,100,5.84
443,Porto Empedocle,IT,2021-11-28 18:22:19,37.2934,13.5264,60.04,75,86,20.65
444,Quatre Cocos,MU,2021-11-28 18:22:19,-20.2078,57.7625,77.11,72,34,5.91
445,Isangel,VU,2021-11-28 18:22:19,-19.55,169.2667,77.14,87,100,6.2
446,Pokhara,NP,2021-11-28 18:22:20,28.2333,83.9833,56.7,56,16,5.66
447,Beringovskiy,RU,2021-11-28 18:22:20,63.05,179.3167,4.57,95,99,4.97
448,Xiamen,CN,2021-11-28 18:22:21,24.4798,118.0819,69.85,68,75,4.47
449,Umm Kaddadah,SD,2021-11-28 18:22:21,13.6017,26.6876,76.77,20,0,11.25
450,Cacule,BR,2021-11-28 18:22:21,-14.5033,-42.2222,76.84,78,84,1.63
451,Yima,CN,2021-11-28 18:22:21,34.7381,111.8839,44.4,59,24,6.26
452,Zhezkazgan,KZ,2021-11-28 18:22:22,47.8043,67.7144,21.2,71,12,9.64
453,Alyangula,AU,2021-11-28 18:23:22,-13.8483,136.4192,71.47,100,15,4.61
454,Deputatskiy,RU,2021-11-28 18:19:17,69.3,139.9,-11.72,95,100,5.5
455,Ha Tinh,VN,2021-11-28 18:23:23,18.3333,105.9,66.76,78,76,6.49
456,Villa Bruzual,VE,2021-11-28 18:23:23,9.3328,-69.1208,90.23,49,34,0.87
457,Batemans Bay,AU,2021-11-28 18:23:23,-35.7167,150.1833,52.27,86,76,3.65
458,Sleaford,GB,2021-11-28 18:23:23,52.9983,-0.4094,35.4,93,0,12.66
459,Morehead,US,2021-11-28 18:23:24,37.2711,-87.1764,47.95,49,1,9.22
460,Hangu,CN,2021-11-28 18:23:24,39.2489,117.7892,39.24,81,11,5.99
461,Darhan,MN,2021-11-28 18:23:24,49.4867,105.9228,9.72,91,83,3.51
462,Salalah,OM,2021-11-28 18:19:18,17.0151,54.0924,77.09,73,0,4.61
463,Onguday,RU,2021-11-28 18:23:25,50.75,86.15,13.5,92,98,2.17
464,Kargasok,RU,2021-11-28 18:23:25,59.0556,80.8572,26.42,93,94,6.2
465,Norwich,GB,2021-11-28 18:23:25,52.6278,1.2983,37.58,93,75,10.36
466,Dera Bugti,PK,2021-11-28 18:23:26,29.0307,69.151,63.09,28,0,3.51
467,Finschhafen,PG,2021-11-28 18:23:26,-6.6024,147.8681,79.74,75,76,6.38
468,Lebanon,US,2021-11-28 18:23:26,36.2081,-86.2911,53.65,57,1,3.44
469,Sarangani,PH,2021-11-28 18:23:27,5.4033,125.4636,82.47,74,74,12.01
470,Soto La Marina,MX,2021-11-28 18:23:27,23.7667,-98.2167,67.95,72,100,5.82
471,Makushino,RU,2021-11-28 18:21:19,55.2103,67.2442,19.54,81,97,11.88
472,Burns Lake,CA,2021-11-28 18:23:27,54.2331,-125.7533,40.42,95,83,5.59
473,Vraca,BA,2021-11-28 18:23:28,43.8422,18.3955,45.32,93,75,4.61
474,Gigmoto,PH,2021-11-28 18:23:28,13.7796,124.39,79.77,89,95,10.02
475,Maymyo,MM,2021-11-28 18:23:28,22.0333,96.4667,58.08,86,14,0.81
476,Luganville,VU,2021-11-28 18:23:29,-15.5333,167.1667,77.45,85,1,5.21
477,Iralaya,HN,2021-11-28 18:23:29,15.0,-83.2333,81.86,59,33,12.62
478,Tonantins,BR,2021-11-28 18:23:29,-2.8731,-67.8022,91.26,52,83,2.57
479,Norrkoping,SE,2021-11-28 18:23:30,58.5942,16.1826,27.18,86,47,9.22
480,College,US,2021-11-28 18:23:30,64.8569,-147.8028,-22.34,73,75,0.0
481,Samarai,PG,2021-11-28 18:23:30,-10.6167,150.6667,81.52,81,96,5.95
482,Grand-Santi,GF,2021-11-28 18:23:31,4.25,-54.3833,87.76,54,76,6.17
483,Batticaloa,LK,2021-11-28 18:23:31,7.7102,81.6924,79.32,84,100,7.83
484,Bonthe,SL,2021-11-28 18:23:31,7.5264,-12.505,81.88,75,47,7.7
485,Olinda,BR,2021-11-28 18:23:31,-8.0089,-34.8553,85.73,70,40,9.22
486,Bonga,ET,2021-11-28 18:23:32,7.2833,36.2333,66.99,62,87,0.67
487,Dyurtyuli,RU,2021-11-28 18:23:32,55.4911,54.8688,28.11,93,100,14.25
488,San Lawrenz,MT,2021-11-28 18:23:32,36.0553,14.204,58.41,60,93,24.58
489,Vagur,FO,2021-11-28 18:23:33,61.4732,-6.8119,40.98,64,100,13.69
490,Raton,US,2021-11-28 18:23:33,36.9034,-104.4391,55.74,30,1,3.44
491,Kabelvag,NO,2021-11-28 18:23:33,68.2114,14.4817,30.42,93,75,6.91
492,Aasiaat,GL,2021-11-28 18:23:34,68.7098,-52.8699,17.01,72,100,18.61
493,Muros,ES,2021-11-28 18:22:57,42.7762,-9.0603,54.1,85,90,17.36
494,Kununurra,AU,2021-11-28 18:23:34,-15.7667,128.7333,76.98,83,11,2.3
495,Huanren,CN,2021-11-28 18:23:34,41.2647,125.3667,33.94,92,87,4.68
496,Maniitsoq,GL,2021-11-28 18:23:35,65.4167,-52.9,37.24,94,100,14.12
497,Gari,RU,2021-11-28 18:23:35,59.4307,62.3497,25.93,84,99,12.08
498,Omsukchan,RU,2021-11-28 18:23:35,62.5333,155.8,-19.82,100,50,1.43
499,Lowestoft,GB,2021-11-28 18:23:36,52.4752,1.7516,37.65,67,58,17.11
500,Bull Savanna,JM,2021-11-28 18:23:36,17.8868,-77.5902,81.01,58,45,5.37
501,Hobyo,SO,2021-11-28 18:23:36,5.3505,48.5268,81.68,77,10,15.68
502,Minuwangoda,LK,2021-11-28 18:24:36,7.1663,79.9533,75.13,100,20,1.14
503,Nyurba,RU,2021-11-28 18:24:37,63.2842,118.3319,-14.35,100,83,3.04
504,Plettenberg Bay,ZA,2021-11-28 18:24:37,-34.0527,23.3716,65.25,83,88,11.01
505,Montmagny,FR,2021-11-28 18:22:47,48.9734,2.3469,39.63,78,75,11.5
506,Bafq,IR,2021-11-28 18:24:37,31.6128,55.4107,61.02,41,100,3.89
507,Abashiri,JP,2021-11-28 18:24:38,44.0213,144.2697,33.33,76,9,9.13
508,Yumen,CN,2021-11-28 18:24:38,40.2833,97.2,21.09,46,0,19.98
509,Wasilla,US,2021-11-28 18:24:38,61.5814,-149.4394,-0.98,79,75,0.0
510,Palmeira,BR,2021-11-28 18:20:56,-25.4294,-50.0064,84.52,36,70,6.76
511,Cayenne,GF,2021-11-28 18:24:39,4.9333,-52.3333,87.84,66,75,11.5
512,Canto Do Buriti,BR,2021-11-28 18:24:39,-8.11,-42.9444,88.86,50,84,2.95
513,Grand Gaube,MU,2021-11-28 18:22:57,-20.0064,57.6608,77.4,70,18,6.93
514,Lang Son,VN,2021-11-28 18:24:39,21.8333,106.7333,59.07,75,47,3.78
515,Anaconda,US,2021-11-28 18:24:40,46.1285,-112.9423,56.39,64,99,10.29
516,Vetluzhskiy,RU,2021-11-28 18:24:40,58.3902,45.4654,35.33,98,100,10.04
517,Stykkisholmur,IS,2021-11-28 18:24:40,65.0757,-22.7297,37.8,97,100,7.94
518,Harer,ET,2021-11-28 18:24:41,9.3094,42.1258,59.9,59,14,6.71
519,Princeton,US,2021-11-28 18:24:41,25.5384,-80.4089,78.8,54,20,0.0
520,Taksimo,RU,2021-11-28 18:23:20,56.3444,114.8794,-7.28,96,97,1.28
521,Natal,BR,2021-11-28 18:22:25,-5.795,-35.2094,88.45,66,40,11.5
522,Vetapalem,IN,2021-11-28 18:24:42,15.7833,80.3167,72.97,97,100,10.49
523,Kota Belud,MY,2021-11-28 18:24:42,6.351,116.4305,75.06,88,98,3.44
524,Chumikan,RU,2021-11-28 18:24:42,54.7183,135.315,5.83,86,100,4.76
525,Minab,IR,2021-11-28 18:24:42,27.1467,57.0801,76.5,69,0,2.64
526,Likasi,CD,2021-11-28 18:24:43,-10.9814,26.7333,69.37,72,69,3.58
527,Horsham,GB,2021-11-28 18:24:43,51.064,-0.3272,37.6,56,0,6.91
528,Hamilton,US,2021-11-28 18:24:43,39.1834,-84.5333,45.45,57,1,11.5
529,Lincoln,US,2021-11-28 18:22:30,40.8,-96.667,50.38,46,1,6.91
530,Boyolangu,ID,2021-11-28 18:24:44,-8.1181,111.8935,76.44,85,99,3.33
531,Calama,CL,2021-11-28 18:24:44,-22.4667,-68.9333,75.69,12,13,21.85
532,Broken Hill,AU,2021-11-28 18:20:18,-31.95,141.4333,66.63,58,52,8.05
533,Puerto Madero,MX,2021-11-28 18:24:45,14.7208,-92.4215,88.0,66,40,3.44
534,La Ronge,CA,2021-11-28 18:24:45,55.1001,-105.2842,23.25,68,90,11.5
535,Madimba,TZ,2021-11-28 18:24:45,-10.4,40.3333,78.42,79,79,10.13
536,Contai,IN,2021-11-28 18:24:45,21.7786,87.7536,67.69,58,64,5.06
537,Ranong,TH,2021-11-28 18:21:44,9.9658,98.6348,75.63,87,96,4.14
538,Labuhan,ID,2021-11-28 18:24:46,-6.8844,112.2051,76.32,90,100,3.4
539,Aksum,ET,2021-11-28 18:24:46,14.1245,38.7244,60.75,55,7,15.1
540,State College,US,2021-11-28 18:24:47,40.7934,-77.86,40.39,87,90,8.05
541,Peniche,PT,2021-11-28 18:23:00,39.3558,-9.3811,56.68,86,79,18.9
542,Christchurch,NZ,2021-11-28 18:20:04,-43.5333,172.6333,57.4,88,90,6.91
543,Tamandare,BR,2021-11-28 18:24:47,-8.7597,-35.1047,84.4,66,48,11.23
544,Turukhansk,RU,2021-11-28 18:24:47,65.8167,87.9833,-5.6,100,97,3.24
545,North Bend,US,2021-11-28 18:24:48,43.4065,-124.2243,55.31,94,90,5.75
546,Atbasar,KZ,2021-11-28 18:24:48,51.8,68.3333,8.28,87,86,5.84
547,Port Hardy,CA,2021-11-28 18:25:09,50.6996,-127.4199,48.38,93,90,6.91
548,Borogontsy,RU,2021-11-28 18:24:16,62.6683,131.1683,-6.11,98,100,3.91
549,Sakakah,SA,2021-11-28 18:25:49,29.9697,40.2064,65.77,31,3,5.46
550,Port Blair,IN,2021-11-28 18:25:49,11.6667,92.75,80.44,75,59,6.46
551,Caravelas,BR,2021-11-28 18:25:49,-17.7125,-39.2481,82.71,69,63,12.46
552,Vigrestad,NO,2021-11-28 18:25:49,58.5667,5.7,31.68,69,95,8.28
553,Wolfen,DE,2021-11-28 18:25:50,51.6667,12.2833,36.21,79,74,3.91
554,Gunjur,GM,2021-11-28 18:25:50,13.2019,-16.7339,89.67,43,0,8.05
555,Villarrica,PY,2021-11-28 18:25:50,-25.75,-56.4333,71.56,92,100,9.33
556,Balkhash,KZ,2021-11-28 18:25:51,46.844,74.9804,23.29,51,4,13.27
557,Asau,RO,2021-11-28 18:25:51,46.4333,26.4,45.52,81,59,3.8
558,Varnavino,RU,2021-11-28 18:25:51,57.4035,45.0916,34.65,95,100,11.12
559,Coffs Harbour,AU,2021-11-28 18:25:52,-30.3,153.1333,64.67,94,90,10.36
560,Ulaangom,MN,2021-11-28 18:25:52,49.9811,92.0667,10.63,76,55,4.18
561,Espanola,US,2021-11-28 18:25:52,35.9911,-106.0806,53.46,27,0,6.82
562,Takoradi,GH,2021-11-28 18:25:52,4.8845,-1.7554,81.16,78,63,6.8
563,Pringsewu,ID,2021-11-28 18:25:53,-5.3582,104.9744,74.64,90,100,3.36
564,Miyako,JP,2021-11-28 18:25:53,39.6367,141.9525,37.96,70,1,5.19
565,Jena,DE,2021-11-28 18:23:11,50.9333,11.5833,35.37,83,99,4.0
566,Nioro,GM,2021-11-28 18:25:53,13.35,-15.75,94.51,18,46,8.95
567,Santa Barbara,US,2021-11-28 18:25:54,34.7333,-120.0343,63.73,29,1,0.0
568,Oksfjord,NO,2021-11-28 18:25:54,70.2396,22.3479,11.32,90,64,13.53
569,Erzurum,TR,2021-11-28 18:25:54,40.0,41.5,38.88,94,83,2.8
